type,value
sha256,6378b56a58036b3855d61c459fda88cd1e13f9304db7208d3acc482b34bd5565
sha256,d9657ac8dd562bdd39e8fcc1fff37ddced10f7f3f118d9cd4da6118a223dcc45
sha256,20bad343c052801550bb68363df06ace507d9d7bf42289d021252439964ae799
sha256,8af14f0469e47ad7295b828a6442a95730bcd2223a99aa383891a76a3a993d2c
sha256,75618401b64046d970df49fcfdfcc36174b0aae27ac4e1c178dc75219992080a
sha256,02ab315e4e3cf71c1632c91d4914c21b9f6e0b9aa0263f2400d6381aab759a61
sha256,1a180186e6fbaf6fa88f934965290235e8418976d6f3546dbf100217d1752db4
sha256,073133298e5cca0833354be754f5d14358c0dbc24ba5f70e5b5eceec1d6726e6
sha256,33ff77940436498a50bbb05391324964063cd3c93f2e66b07d1cb31442bb1513
sha256,9b954bfc2949d07eb41446225592eaa65ed3954cd2b93a13c574bb89147a4465
sha256,cbcc90659366a338752019c126ea3998b862638b6a0c82e83f766d374a72873a
sha256,10EFBAA49318D6431090CCC9B4A65E32D5AAF6FF1F46E328C7E388AE794E77AB
sha256,747C882C22558A960047A675FDC25FA610317B7D6833D78E6A2DDE1C80496592
sha256,B0A3792FC44893DA3E52DB2200B2E705223BC026E04A05AE24C91C0A02C0E2F1
sha256,0df478e07a3aa10ff457e12a401f936dbca69c0fa701992363189f4e152d292e
sha256,6345d2941b146b06de614c5afb7df641168e856bc3111e89964ba8932653101c
sha256,8bbc314e7ca47fe6b87eb7ddd586c674b0beec3aa186cf0a6c8d2639535b92c4
sha256,6990A69D8DE4BD4DAD072C23B86945DA53A0BB55B58A9E0A4B29CA8BDCCCBF47
sha256,2837E64BD3AB3B343CB9AFB4CA329B79F38CCD8DD0C5C41AA11D5C1095B98677
sha256,9755428f92c6ecc6c40ab504133324356fafd2904c0065634735ecc773260185
sha256,4f369702a55a27317ab9b6b45bb3cbcd629ab89d0f42600966791fb66b0427df
sha256,e6bad7f19d3e76268a09230a123bb47d6c7238b6e007cc45c6bc51bb993e8b46
sha256,f4d65b805e4d6727e0c5c03c59921a593cbc4b7a1c4d3f3fcd8fc3eb67522a6f
sha256,3f1442a298a4dbe7d01fef035030b02f3ff2d3167ba2ae011efDaf4fc4277d38
sha256,7ce0948439731d4b4b756a4e37d824240ac5d8494b42ca6696fd0c40dcf99d6b
sha256,975d93fa8db04904d851387451e674f260988241db4fe7fbcd1da8fec70d19e2
sha256,b5aa5356ba90b8dc33c2d6bbf05d66c540289e9c0d2fca4afdee2bf96dabb86f
sha256,7410ead547987f0b4bf61cdb5a8e46022d8c9f1e9c425e7e46a1c494cbe7c37c37c
sha256,5e24c25b104416d3a2cd5bf73c08f35897427414630e3c5c32b9fb6ccd668097
sha256,84b2aa5d48976c4c946cec8dd3f0f4d996b35f31c2407d51c9466d5a5f5e13a4
sha256,c782c192f8a8064d9b8990a5e7a39aefacfcc2a9cca29c84649f2460b6b31bc8
sha256,46073CA075D5439AF600E898632BE1CA631EA7B556CCCEDB8D61463166C6C05B
sha256,96D73C1597C1B37536E140FE4C167D1B5044DBB54507B09EF52035C89BCBF468
sha256,5e8629b5184da87a60b01c008995f01b27ef13e2e292fee5dee437bef3e4feec
sha256,eefe7845f2e97d2f56deebc80d2aeb975e68bef05fedc15df77a11309f3587df
sha256,61253d7ac64e4e4782d78568169e4a52ca5be7d05f8db58afa0c87682e8750dc
sha256,CE35295DA4553F5F619842AD57B46C7AE469DF795E1E79B78A8DFFE217D3E5F4
sha256,479D02DFCFA7B68B79B0BF9F2291E21C883381B3D98640F22932BCE6113BDFF0
sha256,A3757F9D1A1F2F91E7A7EF9E3686F6A6E84715341A44C9ED6E8E8005E1AE5C9E
sha256,940bf98b233cdce3b4e1e8590d9d823b5794f71a768574f432aadf4c4e01a888
sha256,818e63f933a91c538090fa405a760e090973de0975f9b9b574e791c33896452c
sha256,4a5a36539c52fb818e21404b336fc1936b4b5a6afbb432cd9db9672f2bac1b73
sha256,c3405d9c9d593d75d773c0615254e69d0362954384058ee970a3ec0944519c37
sha256,e781ce2d795c5dd6b0a5b849a414f5bd05bb99785f2ebf36edb70399205817ee
sha256,79bda0841133e00d1747885b4167133b23fbbb8c5d96152e0ac96bb4e33f443c
sha256,1251a41dd60f83d2a27cbd2e1edc5a36330db0c924b40649f15cf1f2833aa608
sha256,C827E4BE647C81CC650D465A1B59F1B253073E1F0024310D88906EF8517E35F1

sha1,6e33aeaef5cca239388a5068b59e53958c0f4ba2
sha1,619c471d2bea4771122c05382f0666ac70fa527c
sha1,587d9452e8062ae1eeb84fc73212949a06df3566
sha1,af7c73c47c62d70c546b62c8e1cc707841ec10e3
sha1,1ef67d5a3fe42e561486a6b52bd3c0e143e89259
sha1,311a0002f7a50b6d184186970c6cb34112a38e0b
sha1,a389b911966416d04d6ca95e80e0204aa57cdc5c
sha1,765EC9D6CB155D9654B11DADDE1A11CCA11FD168
sha1,bb64b9e0840793d4f3e542dfa333b755cdc3cbdf
sha1,00E51B0FA2DD6406C1CD22C420E8F4E037DE5CDF
sha1,7FD126E46BC8597C903C7E1974F9C9E298C93509
sha1,320ad8751a39f73eb443594e3c4f7fefce0112a6
sha1,0eafe1f8cbb3873f2fe981b75788b782c3811d97
sha1,f9c1fa5f997ccca206569660506dd62e17f07fd0
sha1,2be4ec55ba30f2a9741a3eb5c94819ecc1dbae5a
sha1,e9cc5981ba089f36a0c5eb0a8b7eea0da601ee48
sha1,febd5f3e11780f9f2264156910a6c4aedcbf3126
sha1,f47a71f56cece11e6ec54c55fa37a924f8f4074b
sha1,2cb2a26d15b54ad27e3191500d6880bd7c2237b4
sha1,679082d7ac17f61f91fcecb75ab119671f10b733
sha1,679082d7ac17f61f91fcecb75ab119671f10b733
sha1,8ffc6fbdc748487f3530ace9e66e37c02775940a
sha1,f0fcb128bcc431e937ade2509cececbfa8b4dbf55d
sha1,eff18883286db0c6f80784099ce04d5516b2ad0f
sha1,267e92198be85734088d0972c6990279c05e0bfa
sha1,955bfc3dcc867256f9f46a606deb0779fa3416d8
sha1,85e596af321db3a5900dc9e8ae3c32b91a8fdb74
sha1,77d1e98a80b96079c056a5808a9f5cef9264f073
sha1,1079c5fc62c8cf29d18a84ae0e105d000c68f76f
sha1,08d44830530445ad49e9dfd257f30894acaae6fa
sha1,0778416733208F6AD6A3AB30782AF773755EE8C3
sha1,0851E49AE34983793F19338C17BDDCF7075ACF0B
sha1,7bd9be703e53d913ebd45e358e8745be24aa6923
sha1,40222BBABFE0C758909D319E64376E0D24F238CA




